CrawlerNodeJS ANTONIO FISCHETTI
Test 24 hours - Keywords “PhD student” - “synthetic biology“
Number of HTML file saved is 3047.
Number of Mail/Url founded is 570.

Start Simulation at:Mon Jun 15 2015 14:44:02 GMT-0400 (EDT)
Stop  Simulation at:Mon Jun 22 2015 14:44:02 GMT-0400 (EDT)


Mail: toxop@mit.edu Url:https://synbio.mit.edu/ 
Mail: synbio@wilsoncenter.org Url:http://www.synbioproject.org/cpi/ 
Mail: communications@systemsbiology.org Url:http://isbmolecularme.com/tag/science/ 
Mail: sarah.graham@ingenza.com Url:http://www.ingenza.com/blog/ 
Mail: info@biomedcentral.com Url:http://www.jbioleng.org 
Mail: communications@systemsbiology.org Url:http://isbmolecularme.com/new-open-access-multiscale-model-captures-dynamic-molecular-processes-in-unprecedented-detail/ 
Mail: communications@systemsbiology.org Url:http://isbmolecularme.com/tag/film/ 
Mail: info@sample6.com Url:http://sample6.com/resources/ 
Mail: editors@sbolstandard.org Url:http://sbolstandard.org/development/outreach/ 
Mail: epidemiologysummit@conferenceseries.net Url:http://epidemiology.conferenceseries.com/ 
Mail: contact@biobricks.org Url:http://biobricks.org/about-foundation/contact/ 
Mail: communications@systemsbiology.org Url:http://isbmolecularme.com/tag/south-lake-union-artwalk/ 
Mail: sarah.graham@ingenza.com Url:http://www.ingenza.com/contact-us/ 
Mail: info@evolva.com Url:http://www.evolva.com/ 
Mail: someone@mydomain.com Url:http://www.scilogs.com/next_regeneration/funding-fever-researchers-will-use-genome-editing-to-increase-support-for-science-among-politicians/ 
Mail: careers@bluerivert.com Url:http://www.bluerivert.com/ 
Mail: dperlman@sfchonicle.com Url:http://www.sfgate.com/science/article/Berkeley-scientist-wins-250-000-prize-3861384.php 
Mail: communications@systemsbiology.org Url:http://isbmolecularme.com/category/isb-news/events/feed/ 
Mail: industrialbio@conferenceseries.com Url:http://industrial-biotechnology.omicsgroup.com/ 
Mail: kate.wildauer@synbiobeta.com Url:http://synbiobeta.com/conferences/ 
Mail: communications@systemsbiology.org Url:http://isbmolecularme.com/category/slider/feed/ 
Mail: davidlo@smu.edu.sgaq.it Url:http://ase2015.unl.edu/ 
Mail: sb6-info@biobricks.org Url:http://sb6.biobricks.org/ 
Mail: someone@mydomain.com Url:http://www.scilogs.com/next_regeneration/author/rehman/ 
Mail: info@mindsumo.com Url:http://www.mindsumo.com/ 
Mail: slee@sfchronicle.com Url:http://www.sfgate.com/business/article/Controversial-DNA-startup-wants-to-let-customers-5992426.php 
Mail: communications@systemsbiology.org Url:http://isbmolecularme.com/tag/sui-huang/ 
Mail: sarah.graham@ingenza.com Url:http://www.ingenza.com 
Mail: cdevine@ibe.org Url:http://www.ibe.org 
Mail: communications@systemsbiology.org Url:http://isbmolecularme.com/tag/symposium/ 
Mail: sarah.graham@ingenza.com Url:http://www.ingenza.com/the-inable-factor/ 
Mail: evanf@aiche.org Url:http://synbioconference.org/2014
Mail: communications@systemsbiology.org Url:http://isbmolecularme.com/tag/nick-newcombe/ 
Mail: info@sample6.com Url:http://sample6.com/technology/ 
Mail: ruth@garnetcommunity.org.uk Url:http://openplant.org/feed/ 
Mail: kate.wildauer@synbiobeta.com Url:http://synbiobeta.com/conferences/synbiobeta-london-2015/ 
Mail: communications@systemsbiology.org Url:http://isbmolecularme.com/tag/synthetic-biology/ 
Mail: sarah.graham@ingenza.com Url:http://www.ingenza.com/results/ 
Mail: ssbss.school@gmail.com Url:http://www.taosciences.it/ssbss2015/ 
Mail: communications@systemsbiology.org Url:http://isbmolecularme.com/tag/tom-skerritt/ 
Mail: sarah.graham@ingenza.com Url:http://www.ingenza.com/core-skills/ 
Mail: ssbss@dmi.unict.it.com Url:http://www.taosciences.it/ssbss2014/ 
Mail: communications@systemsbiology.org Url:http://isbmolecularme.com/tag/newsapril15/ 
Mail: sarah.graham@ingenza.com Url:http://www.ingenza.com/team/ 
Mail: tpray@lbl.gov.govgov Url:http://pbd.lbl.gov/featured-news/ 
Mail: editor@dailyuw.com Url:http://www.dailyuw.com 
Mail: syntheticbiology@conferenceseries.net Url:http://syntheticbiology.conferenceseries.com 
Mail: communications@systemsbiology.org Url:http://isbmolecularme.com/ 
Mail: someone@mydomain.com Url:http://www.scilogs.com/from_the_lab_bench/author/brown/ 
Mail: info@synthace.com Url:http://synthace.com/category/press-release/ 
Mail: communications@systemsbiology.org Url:http://isbmolecularme.com/category/isb-news/ 
Mail: bioengineering@stanford.edu Url:http://bioengineering.stanford.edu/education/ 
Mail: rhnewman@ncat.edu Url:http://syntheticyeast.org 
Mail: communications@systemsbiology.org Url:http://isbmolecularme.com/category/isb-news/events/ 
Mail: dcamarillo@stanford.edu Url:http://bioengineering.stanford.edu/faculty/ 
Mail: rhnewman@ncat.edu Url:http://syntheticyeast.org/ 
Mail: communications@systemsbiology.org Url:http://isbmolecularme.com/category/slider/ 
Mail: hannazoon@yahoo.com Url:http://www.nextnature.net/tag/microbial-factories/ 
Mail: rhnewman@ncat.edu Url:http://syntheticyeast.org/category/news/ 
Mail: thi@biobricks.orgicks.org Url:http://feedproxy.google.com/~r/Openwetware/~3/ijsRpfPadB8/ 
Mail: someone@mydomain.com Url:http://www.scilogs.com/next_regeneration/ 
Mail: info@synthace.com Url:http://synthace.com/author/t-fell/ 
Mail: communications@systemsbiology.org Url:http://isbmolecularme.com/tag/dr-lee-hood/ 
Mail: otte@nextnature.net Url:http://www.nextnature.net/tag/biopolitics/ 
Mail: rhnewman@ncat.edu Url:http://syntheticyeast.org/author/jef/ 
Mail: communications@systemsbiology.org Url:http://isbmolecularme.com/tag/dr-nitin-baliga/ 
Mail: jurriantw@hotmail.com Url:http://www.nextnature.net/tag/synthetic-biology/ 
Mail: communications@systemsbiology.org Url:http://isbmolecularme.com/tag/lee-hood/ 
Mail: louise@nextnature.net Url:http://www.nextnature.net/2015/02/designing-cars-with-synthetic-biology/ 
Mail: bchwebmaster@nus.edu.sg Url:http://medicine.nus.edu.sg/bch/pi/cmw/ 
Mail: user@domain.comct.org Url:http://www.synbioproject.org/cpi/account/request/ 
Mail: post@nextnature.net Url:http://www.nextnature.net/tag/designed-by-evolution/page/4/ 
Mail: communications@systemsbiology.org Url:http://isbmolecularme.com/tag/nitin-baliga/ 
Mail: louise@nextnature.net Url:http://www.nextnature.net/author/louise-huyghebaert/ 
Mail: rhnewman@ncat.edu Url:http://syntheticyeast.org/2014/06/ 
Mail: communications@systemsbiology.org Url:http://isbmolecularme.com/feed/ 
Mail: stefan@nextnature.net Url:http://www.nextnature.net/tag/synthetic-biology/ 
Mail: aaron.lovell@wilsoncenter.org Url:http://www.synbioproject.org/about/contact/ 
Mail: iwon@nextnature.net Url:http://www.nextnature.net/tag/designed-by-evolution/page/5/ 
Mail: ilvia@nextnature.net Url:http://www.nextnature.net/tag/genetic-surprises/ 
Mail: billy.schonenberg@gmail.com Url:http://www.nextnature.net/tag/genetic-surprises/page/3/ 
Mail: endy@mit.edu Url:http://biobricks.org/archive/technical/ 
Mail: reservations@staypineapple.com Url:http://www.iwbdaconf.org/ 
Mail: communications@systemsbiology.org Url:http://isbmolecularme.com/tag/dr-lee-hood/page/1/ 
Mail: contact@biobricks.org Url:http://biobricks.org/category/blog/ 
Mail: lice@nextnature.net Url:http://www.nextnature.net/tag/hypernature/page/5/ 
Mail: bryan.vickery@chemistrycentral.com Url:http://blogs.ch.cam.ac.uk/pmr/2009/07/ 
Mail: sb6-info@biobricks.org Url:http://sb6.biobricks.org 
Mail: sb5-info@biobricks.org Url:http://sb5.biobricks.org 
Mail: communications@systemsbiology.org Url:http://isbmolecularme.com/category/isb-news/page/1/ 
Mail: martin_loose@hms.harvard.edu Url:http://sysbio.med.harvard.edu/faculty/silver/ 
Mail: jonathon@nextnature.net Url:http://www.nextnature.net/tag/wetware/ 
Mail: communications@systemsbiology.org Url:http://isbmolecularme.com/page/1/ 
Mail: rkrishna@jcvi.org Url:http://sb6.biobricks.org/speakers/ 
Mail: jonathon@nextnature.net Url:http://www.nextnature.net/tag/hypernature/page/4/ 
Mail: a.wise@elsevier.com Url:http://blogs.ch.cam.ac.uk/pmr/2013/02/ 
Mail: communications@systemsbiology.org Url:http://isbmolecularme.com/for-the-first-time-in-the-u-s-join-isb-for-bio-fiction/ 
Mail: hannazoon@yahoo.com Url:http://www.nextnature.net/tag/microbial-factories/ 
Mail: cdevine@ibe.org Url:http://www.ibe.org/ 
Mail: contact@biobricks.org Url:http://biobricks.org/2011/update-biobricks-foundation-campaign/ 
Mail: brenna.marsicek@uwyo.edugov Url:http://pollinator.org/npw_events.htm 
Mail: info@neworleansbio.com Url:http://www.neworleansbio.com/ 
Mail: contact@biobricks.org Url:http://biobricks.org/2011/support-biobricks-foundation-campaign-now/ 
Mail: noreply@blogger.com Url:http://weblog.fortnow.com/rss.xml 
Mail: office@nextnature.netom Url:http://www.nextnature.net/2013/09/artifice-earth-adam-rutherford-on-the-promises-of-synthetic-biology/ 
Mail: isabella@wiki-bee.com Url:http://www.nextnature.net/tag/guided-growth/page/4/ 
Mail: abby@nextnature.net Url:http://www.nextnature.net/tag/designed-by-evolution/ 
Mail: deborah@nextnature.net Url:http://www.nextnature.net/tag/genetic-surprises/page/2/ 
Mail: info@biobricks.org Url:http://blog.openwetware.org/community/page/2/ 
Mail: scyang@berkeley.edu Url:http://news.berkeley.edu/2015/06/16/molecular-lock-and-key-control-gmos/ 
Mail: sbol-editors@sbolstandard.org Url:http://www.sbolstandard.org 
Mail: webmaster@lbl.gov Url:http://pbd.lbl.gov/scientists/aarkin-2/ 
Mail: info@neworleansbio.com Url:http://www.neworleansbio.com/client/nobic-tenants/ 
Mail: carolinetaylorferguson@gmail.comcom Url:http://diybio.org/category/weekly-news/ 
Mail: thi@biobricks.orgicks.org Url:http://biobricks.org/2012/biobricks-foundation-synthetic-biology-6-0-conference-announced/ 
Mail: sb5-info@biobricks.org Url:http://sb5.biobricks.org/ 
Mail: hang@lbl.govl.gov Url:http://pbd.lbl.gov/scientists/michelle-chang/ 
Mail: info@neworleansbio.com Url:http://www.neworleansbio.com/esophagus-regeneration-startup-wins-tulane-novel-tech-challenge/ 
Mail: webmaster@lbl.gov Url:http://pbd.lbl.gov/scientists/sanjay-kumar/ 
Mail: imon@lbl.gov Url:http://www.lbl.gov/lab-leadership/leadership-team/ 
Mail: info@bioethics.gov Url:http://www.tvworldwide.com/events/bioethics/100913/ 
Mail: tslee@lbl.gov Url:http://www.jbei.org/people/directors/taek-soon-lee/ 
Mail: webmaster@lbl.gov Url:http://pbd.lbl.gov/scientists/dominique-loque/ 
Mail: lcyarris@lbl.gov Url:http://newscenter.lbl.gov/tag/biofuels/ 
Mail: cspo@asu.edu Url:http://cspo.org/education/ 
Mail: webmaster@lbl.gov Url:http://pbd.lbl.gov/scientists/brad-niles/ 
Mail: webmaster@lbl.gov Url:http://pbd.lbl.gov/scientists/taek-soon-lee/ 
Mail: lcyarris@lbl.gov Url:http://newscenter.lbl.gov/tag/bioenenergy/ 
Mail: cspo@asu.edu Url:http://cspo.org/blog/ 
Mail: webmaster@lbl.gov Url:http://pbd.lbl.gov/scientists/vivek-mutalik/ 
Mail: lcyarris@lbl.gov Url:http://newscenter.lbl.gov/tag/clean-energy/ 
Mail: icme-admissions@stanford.edu Url:http://icme.stanford.edu/ 
Mail: dams@lbl.govl.gov Url:http://pbd.lbl.gov/scientists/padams/ 
Mail: info@neworleansbio.com Url:http://www.neworleansbio.com 
Mail: diybio@googlegroups.com Url:http://diybio.org/blog/ 
Mail: contact@biobricks.org Url:http://biobricks.org/2011/25k-raised-update-on-biobricks-foundation-campaign/ 
Mail: synbioslam@gmail.com Url:http://synbioslam.eventbrite.com/ 
Mail: communications@systemsbiology.org Url:http://isbmolecularme.com/category/slider/page/1/ 
Mail: louise@nextnature.net Url:http://www.nextnature.net/2013/03/synthetic-biology-for-dummies/ 
Mail: olbert@gmail.com Url:http://www.nextnature.net/tag/living-cities/ 
Mail: customersupport@twistbioscience.com Url:http://www.twistbioscience.com/ 
Mail: info@cariboubio.com Url:http://cariboubio.com/ 
Mail: businessradio@siriusxm.com Url:http://steveblank.com/category/lean-launchpad/ 
Mail: webmaster@lbl.gov Url:http://esd.lbl.gov/about/ 
Mail: hbe@stanford.edu Url:http://www.openthefuture.com/events/ 
Mail: sc.eusynbios@gmail.com Url:http://synbiobeta.com/eusynbio-closing-the-gap/ 
Mail: info@synthace.com Url:http://synthace.com/ 
Mail: sarah.graham@ingenza.com Url:http://www.ingenza.com/ 
Mail: webmaster@lbl.gov Url:http://pbd.lbl.gov/science/systems-biology-and-synthetic-biology/ 
Mail: contact@emboreports.org Url:http://embor.embopress.org/ 
Mail: yyoshikuni@lbl.gov Url:http://jgi.doe.gov/collaborate-with-jgi/community-science-program/how-to-propose-a-csp-project/synthetic-biology/ 
Mail: lsimirenko@lbl.gov Url:http://jgi.doe.gov/our-science/scientists-jgi/synthetic-biology-informatics/ 
Mail: kate.wildauer@synbiobeta.com Url:http://synbiobeta.com/conferences/synbiobeta-san-francisco-2015/ 
Mail: kate.wildauer@synbiobeta.com Url:http://synbiobeta.com/conferences/synbiobeta-activate-singapore-2014/ 
Mail: dloque@lbl.gov Url:http://www.jbei.org/people/directors/dominique-loque/ 
Mail: kate.wildauer@synbiobeta.com Url:http://synbiobeta.com/conferences/synbiobeta-london-2014/ 
Mail: lcyarris@lbl.gov Url:http://newscenter.lbl.gov/tag/awards/ 
Mail: webmaster@lbl.gov Url:http://pbd.lbl.gov/science/bioenergy-biofuels-and-bioproducts/ 
Mail: contact@biobricks.org Url:http://biobricks.org/author/hollymillion/page/2/ 
Mail: gasarch@cs.umd.edu Url:http://weblog.fortnow.com/ 
Mail: kate.wildauer@synbiobeta.com Url:http://synbiobeta.com/conferences/synbiobeta-san-francisco-2014/ 
Mail: jgi-jira+pmosupport@lbl.gov Url:http://proposals.jgi-psf.org/ 
Mail: dmishra@mit.edu Url:http://groups.csail.mit.edu/synbio/people/deepak-mishra/ 
Mail: enquiries@midven.com Url:http://midven.co.uk/funds/rainbow-seed-fund/ 
Mail: hessel@nextnature.net Url:http://nextnature.org 
Mail: spalacio@mit.edu Url:http://groups.csail.mit.edu/synbio/people/sebastian-palacios/ 
Mail: ildauer@synbiobeta.com Url:http://synbiobeta.com/education/introduction-synthetic-biology/ 
Mail: degilbert@lbl.gov Url:http://jgi.doe.gov/events/ 
Mail: jbabb@mit.edu Url:http://groups.csail.mit.edu/synbio/people/jonathan-babb/ 
Mail: eldi@mit.edu Url:http://groups.csail.mit.edu/synbio/people/eldi-schoenfeld/ 
Mail: watseng@mit.edu Url:http://groups.csail.mit.edu/synbio/people/allen-tseng/ 
Mail: kitada@mit.edu Url:http://groups.csail.mit.edu/synbio/people/tasuku-kitada/ 
Mail: allenlin@mit.edu Url:http://groups.csail.mit.edu/synbio/people/allen-lin/ 
Mail: nsummers@mit.edu Url:http://groups.csail.mit.edu/synbio/people/nevin-m-summers/ 
Mail: info@synthace.com Url:http://www.synthace.com/ 
Mail: xavier.duportet@gmail.com Url:http://groups.csail.mit.edu/synbio/people/xavier-duportet/ 
Mail: zhenxie@mit.edu Url:http://groups.csail.mit.edu/synbio/people/zhen-xie/ 
Mail: dkh2@po.cwru.edu Url:http://www.sackler.yale.edu/ 
Mail: contact@biobricks.org Url:http://blog.openwetware.org/community/feed/ 
Mail: john.collins@synbicite.com.com Url:http://synbicite.com/contact-us/ 
Mail: thi@biobricks.org Url:http://blog.openwetware.org/community/ 
Mail: terri@kandsranch.com Url:http://steveblank.com/2015/02/ 
Mail: rhnewman@ncat.edu Url:http://www.syntheticyeast.org 
Mail: info@kandsranch.comsxm.com Url:http://steveblank.com/category/teaching/ 
Mail: n_vegt@hotmail.com Url:http://www.nextnature.net/tag/guided-growth/page/6/ 
Mail: sponsorship@biobricks.org Url:http://blog.openwetware.org/community/2012/02/28/biobricks-foundation-synthetic-biology-6-conference-announced/trackback/ 
Mail: communications@systemsbiology.org Url:http://isbmolecularme.com/bio-fiction-recap/ 
Mail: communications@systemsbiology.org Url:http://isbmolecularme.com/page/2/ 
Mail: info@arzeda.com Url:http://arzeda.com/news-events/ 
Mail: communications@systemsbiology.org Url:http://isbmolecularme.com/tag/dr-sui-huang/ 
Mail: jobs@arzeda.com Url:http://arzeda.com/careers/ 
Mail: daniloff@mit.edu Url:http://web.mit.edu/site/date/2006/8/ 
Mail: liliana@mit.edu Url:http://groups.csail.mit.edu/synbio/people/liliana-wroblewska/ 
Mail: businessradio@siriusxm.com Url:http://steveblank.com/feed/ 
Mail: jjsun@mit.edu Url:http://groups.csail.mit.edu/synbio/people/jingjing-sun/ 
Mail: enquiries@midven.com Url:http://midven.co.uk/our_people/oliver-sexton/ 
Mail: xzhang54@mit.edu Url:http://groups.csail.mit.edu/synbio/people/xin-zhang/ 
Mail: alliancesweb@xprize.org Url:http://annualreport.xprize.org 
Mail: icaris2012@dmi.unict.it Url:http://www.artificial-immune-systems.org/icaris/2012/ 
Mail: businessradio@siriusxm.com Url:http://steveblank.com/category/life-sciences-nih/ 
Mail: contact@biobricks.org Url:http://blog.openwetware.org/community/2011/12/28/donate-biobricks-foundation-openwetware/ 
Mail: thi@biobricks.org Url:http://blog.openwetware.org/community/category/uncategorized/ 
Mail: stephen.chambers@synibicite.com Url:http://synbicite.com/category/news/ 
Mail: thi@biobricks.orgicks.org Url:http://blog.openwetware.org/community/2012/02/28/biobricks-foundation-synthetic-biology-6-conference-announced/ 
Mail: stephen.chambers@synibicite.com Url:http://synbicite.com/synbicite-blog/ 
Mail: contact@biobricks.org.org Url:http://blog.openwetware.org/community/author/jeffbrockstudio/ 
Mail: john.collins@synbicite.com Url:http://synbicite.com/dna-tools/ 
Mail: communications@systemsbiology.org Url:http://isbmolecularme.com/tag/aron-m-thompson/ 
Mail: info@genomecompiler.com Url:http://www.genomecompiler.com/about-us/ 
Mail: hchou@systemsbiology.orgology.org Url:http://isbmolecularme.com/category/isb-news/feed/ 
Mail: info@genomecompiler.com Url:http://www.genomecompiler.com/partners/ 
Mail: communications@systemsbiology.org Url:http://isbmolecularme.com/tag/artscience/ 
Mail: info@synthace.com Url:http://synthace.com/category/news/ 
Mail: communications@systemsbiology.org Url:http://isbmolecularme.com/tag/bio-fiction/ 
Mail: info@synthace.com Url:http://synthace.com/our-work/ 
Mail: communications@systemsbiology.org Url:http://isbmolecularme.com/tag/art-and-science/ 
Mail: info@synthace.com Url:http://synthace.com/careers/ 
Mail: communications@systemsbiology.org Url:http://isbmolecularme.com/tag/art/ 
Mail: info@synthace.com Url:http://www.synthace.com 
Mail: communications@systemsbiology.org Url:http://isbmolecularme.com/tag/dr-allison-kudla/ 
Mail: info@synthace.com Url:http://www.synthace.com/our-work/ 
Mail: info@biomax.com Url:http://www.biomax.com/rss/BiomaxNews.xml 
Mail: communications@systemsbiology.org Url:http://isbmolecularme.com/category/isb-news/dr-lee-hood/ 
Mail: info@genomecompiler.com Url:http://www.genomecompiler.com/blog/ 
Mail: communications@systemsbiology.org Url:http://isbmolecularme.com/tag/dr-phillip-thurtle/ 
Mail: events@diybio.org Url:http://diybio.org/category/events/ 
Mail: media@synthorx.com Url:http://synthorx.com 
Mail: ideas@qz.com Url:http://www.law.yale.edu/news/18802.htm 
Mail: info@nadinebongaerts.com Url:http://www.nadinebongaerts.com/ 
Mail: haplahar@lbl.govv Url:http://www.jbei.org/research/divisions/fuels-synthesis/synthetic-biology/ 
Mail: sammagee@mit.edu Url:http://arts.mit.edu/groups/arts-scholars/members/ 
Mail: odge@mit.edu Url:http://odge.mit.edu/finances/fellowships/resources/ 
Mail: odge@mit.edu Url:http://odge.mit.edu/community/gslg/funded/2004-05/ 
Mail: maja.smrekar@gmail.com Url:http://mayayoghurt.net/ 
Mail: gswebmaster@grad.wisc.edu Url:http://grad.wisc.edu/currentstudents/main/degree/ 
Mail: daniloff@mit.edu Url:http://web.mit.edu/site/date/2007/11/ 
Mail: ruben@nextnature.netm Url:http://www.nextnature.net/tag/hypernature/page/11/ 
Mail: ubbard@lbl.gov Url:http://esd.lbl.gov/research/areas/environmental_bio/ 
Mail: mahdiz@mit.educnege.harvard.edu Url:http://www.rle.mit.edu/sbg/people/ 
Mail: info@beci.berkeley.edu Url:http://beci.berkeley.edu/ 
Mail: emboddr2015@gmail.com Url:http://events.embo.org/15-ddr/ 
Mail: ruth@garnetcommunity.org.uk Url:http://openplant.org/blog/ 
Mail: lcyarris@lbl.gov Url:http://newscenter.lbl.gov/tag/physical-biosciences-division/ 
Mail: lcyarris@lbl.gov Url:http://newscenter.lbl.gov/tag/biology-for-energy-and-health/ 
Mail: ideas@qz.com Url:http://www.law.yale.edu/academics/18802.htm 
Mail: holly@biobricks.org Url:http://sb5.biobricks.org/sponsors/ 
Mail: jobs@touchlightgenetics.com Url:http://www.obn.org.uk/jobs/tgl-00115-research-scientist-process-enhancement/ 
Mail: mlharmon-smith@lbl.gov Url:http://jgi.doe.gov/collaborate-with-jgi/community-science-program/dna-synthesis-submission-guidelines/ 
Mail: hotel-kurhaus@arolla.com Url:http://events.embo.org/15-dev-sys/ 
Mail: john.cumbers@synbiobeta.com Url:http://synbiobeta.com/sneak-peek-synbiobeta-company-database/ 
Mail: maxx.chatsko@synbiobeta.com Url:http://synbiobeta.com/will-synthetic-biology-doom-worlds-small-farmers/ 
Mail: stephen.chambers@synibicite.com Url:http://synbicite.com/synthetic-biology-start-up-support/ 
Mail: jdkeasling@lbl.gov Url:http://www.jbei.org/people/leadership/jay-keasling/ 
Mail: embo.ysf2015@gmail.com Url:http://troll.cent.uw.edu.pl/embo_ysf2015/ 
Mail: jobs@touchlightgenetics.com Url:http://www.obn.org.uk/jobs/tgl-00315-research-scientist-molecular-biology/ 
Mail: msb@embo.org Url:http://msb.embopress.org 
Mail: robin.blake@syngenta.com Url:http://www.obn.org.uk/events/agrisciences-young-researchers-2015-crop-production-protection-and-utilisation/ 
Mail: contact@embojournal.org Url:http://emboj.embopress.org 
Mail: mherper@forbes.com Url:http://www.forbes.com/sites/matthewherper/2013/03/19/the-protein-that-could-change-biotech-forever/ 
Mail: j.collins@synbicite.com Url:http://synbicite.com/project-management-for-biotech/ 
Mail: jobs@touchlightgenetics.com Url:http://www.obn.org.uk/jobs/tgl-00215-research-scientist-in-vitro-dna-replication/ 
Mail: info@kandsranch.com Url:http://steveblank.com/2015/02/19/life-science-startups-rising-in-the-uk/ 
Mail: rwinder@bioindustry.org Url:http://www.bioindustry.org/newsandresources/bia-news/synthetic-biology-companies-join-bia/ 
Mail: jobs@touchlightgenetics.com Url:http://www.touchlightgenetics.com/contact-us/career-opportunities/ 
Mail: rachit@inspectlet.com Url:http://steveblank.com/tools-and-blogs-for-entrepreneurs/ 
Mail: mlueck@iftf.org Url:http://www.openthefuture.com/topsight/ 
Mail: ccockrell@berkeley.edu Url:http://news.berkeley.edu/2010/12/07/supermax/ 
Mail: gmartin@garymartingroup.com Url:http://www.biotechstart.org/category/intellectual-property/ 
Mail: mikecrookfraud@yahoo.com Url:http://www.10zenmonkeys.com/category/science/ 
Mail: you@example.com Url:http://www.dezeen.com/2013/12/ 
Mail: editors@sbolstandard.org Url:http://sbolstandard.org/development/developers/ 
Mail: jobs@touchlightgenetics.com Url:http://www.obn.org.uk/jobs/tgl-00415-research-scientist-cell-biology/ 
Mail: jrweiner@pacbell.net Url:http://newscenter.lbl.gov/tag/doe/ 
Mail: info@biobricks.org Url:http://blog.openwetware.org/community/author/jeffbrockstudio/page/2/ 
Mail: contact@biobricks.org Url:http://blog.openwetware.org/community/2011/12/28/donate-biobricks-foundation-openwetware/trackback/ 
Mail: theaccelerators@wsj.com Url:http://blogs.wsj.com/accelerators/vivek-wadhwa/ 
Mail: you@example.com Url:http://www.dezeen.com/tag/comments-update/ 
Mail: hessel@nextnature.net Url:http://www.nextnature.net/ 
Mail: contact@biobricks.org Url:http://blog.openwetware.org/community/2011/12/20/25k-raised-update-on-biobricks-foundation-campaign/ 
Mail: contact@biobricks.org Url:http://blog.openwetware.org/community/2011/12/14/x-raised-update-on-biobricks-foundation-campaign/ 
Mail: daniloff@mit.edu Url:http://web.mit.edu/site/date/2009/11/ 
Mail: fatima.mirza@thecrimson.com Url:http://www.thecrimson.com/article/2013/10/24/scientists-recode-genome/ 
Mail: info@biobuilder.org Url:http://biobuilder.org/for-teachers/ 
Mail: aparkin@lbl.gov Url:http://enigma.lbl.gov/arkin-adam/ 
Mail: thi@biobricks.org Url:http://blog.openwetware.org/community/category/uncategorized/page/2/ 
Mail: daniloff@mit.edu Url:http://web.mit.edu/site/date/2008/11/ 
Mail: artin@biosyntha.com Url:http://synbicite.com/partners/partners-map/ 
Mail: sarah@genomecompiler.com Url:http://www.genomecompiler.com/category/articles/ 
Mail: zfreeman@bioindustry.orgrg Url:http://blog.bioindustry.org/category/policy/ 
Mail: mlballon@lbl.gov Url:http://newscenter.lbl.gov/tag/microbes/ 
Mail: rhnewman@ncat.edu Url:http://syntheticyeast.org/build-a-genome-network-workshop-aug-14-16-loyola-university-maryland-baltimore-md/ 
Mail: iers@bioethics.govgscenter.org Url:http://bioethics.gov/feeds/news.xml 
Mail: contact@biobricks.org Url:http://blog.openwetware.org/community/2011/12/07/support-biobricks-foundation-campaign-now/ 
Mail: skassabian@plos.org Url:http://blogs.plos.org/thestudentblog/2015/06/09/letstalkcancer/ 
Mail: daniloff@mit.edu Url:http://web.mit.edu/site/date/2005/11/ 
Mail: cgjansson@lbl.gov Url:http://esd.lbl.gov/about/staff/christerjansson/ 
Mail: you@example.com Url:http://www.dezeen.com/2013/11/ 
Mail: oust.aman@gmail.com Url:http://www.nextnature.net/tag/guided-growth/page/8/ 
Mail: communications@systemsbiology.org Url:http://isbmolecularme.com/category/isb-news/events/page/1/ 
Mail: nova@wgbh.org Url:http://www.pbs.org/wgbh/nova/next/physics/fast-radio-bursts/ 
Mail: az@arzeda.cometicgenomics.com Url:http://arzeda.com/2015/06/arzeda-and-sgi-dna-pair-in-silico-and-dna-technologies-to-build-a-better-enzyme-design-pipeline/ 
Mail: tony@onenucleus.comg.orgg Url:http://blog.bioindustry.org/category/events/ 
Mail: kchandler-smith@bioindustry.org Url:http://blog.bioindustry.org/2013/05/ 
Mail: phuao@uci.edu Url:http://publichealth.uci.edu/ 
Mail: zfreeman@bioindustry.org Url:http://blog.bioindustry.org/2013/11/ 
Mail: zfreeman@bioindustry.org Url:http://blog.bioindustry.org/2014/03/ 
Mail: barbara.gerratana@nih.govh.gov Url:http://loop.nigms.nih.gov/2014/03/ 
Mail: info@oxsybio.com Url:http://www.oxsybio.com/about-us/ 
Mail: update@genengnews.coml.com Url:http://www.genengnews.com/gen-news-highlights/logic-based-synthetic-gene-circuit-developed-to-identify-and-selectively-kill-cancer-cells/81245619/ 
Mail: rgardner@bioindustry.org Url:http://blog.bioindustry.org/category/manufacturing/ 
Mail: events@diybio.org Url:http://diybio.org/2015/05/17/diybio-events-for-the-week-beginning-may-17/ 
Mail: info@oxsybio.com Url:http://www.oxsybio.com/technology/ 
Mail: zfreeman@bioindustry.orgting.com Url:http://blog.bioindustry.org/2015/03/ 
Mail: manifesto2015@bioindustry.org Url:http://blog.bioindustry.org/2014/04/ 
Mail: alvidrezjl@mail.nih.gov Url:http://loop.nigms.nih.gov/2013/03/ 
Mail: richard.turner@fticonsulting.com Url:http://blog.bioindustry.org/category/guest-post/ 
Mail: olib@od.nih.gov Url:http://directorsblog.nih.gov/tag/optogenetics/ 
Mail: 'ahfell@ucdavis.edu Url:http://blogs.ucdavis.edu/egghead/2015/06/15/uc-davis-graduate-student-to-attend-lindau-nobel-laureate-meeting/ 
Mail: kristen@7secondstrategies.com Url:http://www.paretobio.com/management/ 
Mail: sponsorship@techonomy.com Url:http://techonomy.com/2014/06/learned-techonomy-bio/ 
Mail: dmendezperez@lbl.govl.gov Url:http://www.jbei.org/research/divisions/fuels-synthesis/metabolic-engineering/ 
Mail: hmjensen@lbl.gov.gov Url:http://www.jbei.org/research/divisions/fuels-synthesis/host-engineering/ 
Mail: editor@embomolmed.org Url:http://embomolmed.embopress.org 
Mail: gwbirkel@lbl.gov Url:http://www.jbei.org/research/divisions/fuels-synthesis/quantitative-metabolic-modeling/ 
Mail: han@lbl.govbl.gov Url:http://www.jbei.org/research/divisions/technology/proteomics/ 
Mail: nmansoorizangir@lbl.gov Url:http://www.jbei.org/research/divisions/feedstock/cell-wall-engineering/ 
Mail: meshops@berkeley.edu Url:http://me.berkeley.edu/ 
Mail: raul.cliff@conferenceseries.comommm Url:http://www.conferenceseries.com/Biorobotics.php 
Mail: plearmonth@bioindustry.orgng.comm Url:http://blog.bioindustry.org/2014/11/ 
Mail: info@bioindustry.org Url:http://blog.bioindustry.org/2014/08/ 
Mail: blog@researchresearch.com Url:http://exquisitelife.researchresearch.com/ 
Mail: mlballon@lbl.gov Url:http://newscenter.lbl.gov/tag/genetics/ 
Mail: baoilleach@gmail.com Url:http://baoilleach.blogspot.com/ 
Mail: trnorthen@lbl.gov Url:http://www.jbei.org/research/divisions/technology/array-based-assays/ 
Mail: plearmonth@bioindustry.orgc.com Url:http://blog.bioindustry.org/2014/12/ 
Mail: info@paretobio.comategies.com Url:http://www.paretobio.com/news-media/ 
Mail: ahuang18@jhmi.edu Url:http://syntheticyeast.org/bgi-announces-collaboration-with-johns-hopkins-university-on-synthetic-yeast-project-to-accelerate-the-development-of-synthetic-biology/ 
Mail: matthew_chang@nuhs.edu.sg Url:http://www.med.nus.edu.sg/bch/bchcmw.htm 
Mail: marc.noy@upc.edu Url:http://dmatheorynet.blogspot.com/ 
Mail: lightworks@asu.edu Url:http://asulightworks.com/ 
Mail: plaisant@cs.umd.eduvgov Url:http://www.cs.umd.edu/hcil/semvast/ 
Mail: jlipps@fullerton.edu Url:http://aragosaurus.blogspot.com/ 
Mail: systemdisruption-web@yahoo.com Url:http://globalguerrillas.typepad.com/globalguerrillas/ 
Mail: hcdeweb@uw.edu Url:http://www.uwtc.washington.edu/ 
Mail: info@techonomy.commmy.com Url:http://techonomy.com/tag/techonomy/ 
Mail: info@techonomy.comomy.com Url:http://techonomy.com/tag/drew-endy/ 
Mail: awards@rsc.org Url:http://www.rsc.org/ScienceAndTechnology/Awards/ 
Mail: allison@nextnature.net Url:http://www.nextnature.net/tag/manufactured-animals/page/5/ 
Mail: oceanography@conferenceseries.com Url:http://www.oceanographyconference.com/poster.php 
Mail: sponsorship@techonomy.com Url:http://techonomy.com/tag/steve-jurvetson/ 
Mail: allisonpguy@gmail.com Url:http://www.nextnature.net/2012/04/can-life-be-a-technology/ 
Mail: weisman@globe.com Url:http://www.boston.com/business/globe/articles/2004/03/07/monumental_effort/ 
Mail: odge@mit.edu Url:http://odge.mit.edu/undergraduate/msrp/2012-msrp-interns/angel-asante/ 
Mail: tijnkooijmans@gmail.com Url:http://www.nextnature.net/tag/dynamic-architecture/page/3/ 
Mail: odge@mit.edu Url:http://odge.mit.edu/undergraduate/msrp/2014-mrsp-interns/ilyssa-evans/ 
Mail: media@techonomy.commy.com Url:http://techonomy.com/category/life-science/ 
Mail: luc.zero@hotmail.com Url:http://www.nextnature.net/tag/dynamic-architecture/page/2/ 
Mail: nova@wgbh.org Url:http://www.pbs.org/wgbh/nova/next/tech/bioinspired-underwater-glue-someday-heal-deep-internal-wounds/ 
Mail: domke@uw.edu Url:http://www.com.washington.edu/domke/ 
Mail: graddean@berkeley.edu Url:http://grad.berkeley.edu/programs/interdisciplinary/ 
Mail: you@example.com Url:http://www.dezeen.com/2013/06/27/living-food-minsu-kim-synthetic-biology-royal-college-of-art/ 
Mail: degrees@berkeley.edu Url:http://grad.berkeley.edu/academic-progress/pre-candidacy/ 
Mail: tips@berkeleyside.com Url:http://www.berkeleyside.com/2012/12/18/in-memoriam-stephan-jarjisian-loved-and-cherished/ 
Mail: odge@mit.edu Url:http://odge.mit.edu/undergraduate/msrp/2012-msrp-interns/bernardo-cervantes/ 
Mail: you@example.com Url:http://www.dezeen.com/category/events/2013/design-indaba-2013/ 
Mail: rsanders@berkeley.edu Url:http://news.berkeley.edu/2014/12/16/berkeley-innovators-named-fellows-of-national-academy-of-inventors/ 
Mail: andypino@berkeley.edu Url:http://news.berkeley.edu/2014/04/16/nancy-pelosi-to-deliver-commencement-address-at-uc-berkeley/ 
Mail: ucbweb@berkeley.edu Url:http://news.berkeley.edu/2012/11/21/eradicating-malaria/ 
Mail: stephen@nextnature.net Url:http://www.nextnature.net/tag/technorhetoric/page/3/ 
Mail: webbj3@uw.eduu Url:http://www.washington.edu/dreamproject/about/team/ 
Mail: oe.soap@email.com Url:http://www.rsc.org/resources-tools/ 
Mail: olib@od.nih.gov Url:http://directorsblog.nih.gov/tag/biomedical-research/ 
Mail: you@example.com Url:http://www.dezeen.com/category/events/2015/design-indaba-2015/ 
Mail: dirk_van_erve@hotmail.com Url:http://www.nextnature.net/tag/transparent-interfaces/ 
Mail: kk@kk.org Url:http://www.nextnature.net/tag/designed-by-evolution/page/12/ 
Mail: mux777@hotmail.com Url:http://www.nextnature.net/tag/sentient-spaces/page/2/ 
Mail: exus@mail.nih.gov Url:http://nexus.od.nih.gov/all/2014/01/10/fy2013-by-the-numbers/ 
Mail: plearmonth@bioindustry.org.com Url:http://blog.bioindustry.org/category/people/ 
Mail: longr@nigms.nih.gov Url:http://loop.nigms.nih.gov/category/concept-clearances/ 
Mail: regulations@btgplc.comustry.org Url:http://blog.bioindustry.org/2013/07/ 
Mail: aman@asu.edu Url:http://cspo.org/people/sujatha-raman/ 
Mail: futuretense@asu.edu Url:http://futuretense.asu.edu/ 
Mail: jgray@bioindustry.orgorg Url:http://blog.bioindustry.org/2015/02/ 
Mail: proteinengineering@omicsgroup.comes.com Url:http://protein-engineering.conferenceseries.com/ 
Mail: info@bioindustry.org Url:http://blog.bioindustry.org/2015/04/ 
Mail: mcanady@syntheticgenomics.comcom Url:http://arzeda.com/feed/ 
Mail: info@bioindustry.org.org Url:http://blog.bioindustry.org/2015/05/ 
Mail: bruce@atlasventure.com Url:http://lifescivc.com/ 
Mail: rvaughan@bioindustry.org Url:http://blog.bioindustry.org/2014/02/ 
Mail: info@paretobio.com Url:http://www.paretobio.com/contacts/ 
Mail: kristen@7secondstrategies.com Url:http://www.paretobio.com/scientific-advisory-board/ 
Mail: mark.bustard@ktn-uk.org Url:http://blog.bioindustry.org/category/ceo-update/ 
Mail: feedback@biodiversitylibrary.org Url:http://blog.biodiversitylibrary.org/ 
Mail: biostat@u.washington.edu Url:http://www.biostat.washington.edu/ 
Mail: abbass.sharif@gmail.com Url:http://itsacast.blogspot.com 
Mail: hserv@uw.edu Url:http://depts.washington.edu/hserv/ 
Mail: africa1@u.washington.edu Url:http://jsis.washington.edu/africa/ 
Mail: halpern@cs.cornell.edu Url:http://www.sigcomm.org/ 
Mail: ibers@mit.edu Url:http://www.rle.mit.edu/research/research-groups/ 
Mail: webserver@ks.uiuc.edu Url:http://www.ks.uiuc.edu/~kschulte/ 
Mail: hannahbragelman@ymail.com Url:http://blogs.discovermagazine.com/80beats/2009/07/28/blue-food-dye-helps-rats-with-spinal-injuries-but-also-turns-them-blue/ 
Mail: eugene.douglass@aya.yale.edu Url:http://www.practicallyscience.com/ 
Mail: cspodc@asu.edu Url:http://cspo.org/event/ntsp042415/ 
Mail: dispatch@dowjones.com Url:http://blogs.wsj.com/venturecapital/2015/03/18/ginkgo-bioworks-raises-9m-to-engineer-food-flavors-fragrances/ 
Mail: mike.billings@wsj.com Url:http://blogs.wsj.com/venturecapital/2015/06/15/the-daily-startup-aledade-raises-30m-for-medical-practice-software/ 
Mail: info@biobuilder.org Url:http://www.biobuilderjunior.org/how-to-use-this-site/ 
Mail: editorial@sustainablechemicalprocesses.com Url:http://blogs.chemistrycentral.com/on-chemistry/feed/ 
Mail: spinoza@wsj.com Url:http://blogs.wsj.com/digits/2014/08/01/pivigo-kpmg-launch-london-data-science-bootcamp/ 
Mail: dsrobinson@lbl.gov Url:http://jgi.doe.gov/our-science/scientists-jgi/functional-genomics-2/ 
Mail: bioethics@nuffieldbioethics.org Url:http://nuffieldbioethics.org/project/children-research/ 
Mail: bfidler@xconomy.com Url:http://www.xconomy.com/boston/2015/05/21/ex-pfizer-exec-gutierrez-ramos-to-lead-synlogics-smart-bug-plan/ 
Mail: dispatch@dowjones.com Url:http://blogs.wsj.com/venturecapital/tag/andreesen-horowitz/ 
Mail: you@company.com Url:http://www.xconomy.com/boston/2013/04/24/gen9-synthetic-biology-startup-snags-21m-from-agilent/ 
Mail: media@techonomy.commy.com Url:http://techonomy.com/conf/bio/biological-progress/will-biological-progress-transform-world/ 
Mail: mike.billings@wsj.com Url:http://blogs.wsj.com/venturecapital/2015/06/10/the-daily-startup-when-startups-say-revenue-what-are-they-saying/ 
Mail: richard.turner@fticonsulting.com Url:http://blog.bioindustry.org/category/finance-and-tax/ 
Mail: info@techonomy.comomy.com Url:http://techonomy.com/conf/bio15/big-picture/sitting-on-a-can-of-miracles/ 
Mail: contact@harwellcampus.com Url:http://harwellcampus.com/commercialisation/start-up-angel-and-early-stage-venture-capital-5m/ 
Mail: media@techonomy.commy.com Url:http://techonomy.com/2015/03/techonomy-bio-2015-live-webcast/ 
Mail: '/mailto/+service@theconferenceforum.org Url:http://www.biotechstart.org/category/all-posts/page/3/ 
Mail: jon.rees@obn.org.ukrg.uk Url:http://www.obn.org.uk/events/obn-annual-lecture-on-entrepreneurship/ 
Mail: smajd@engr.psu.edu Url:http://omicsonline.org/editorialboard-biotechnology-biomaterials-open-access.php 
Mail: lewis.liu@ars.usda.gov Url:http://omicsonline.org/editorialboard-microbial-biochemical-technology-open-access.php 
Mail: microbiology@conferenceseries.net Url:http://microbiology.omicsgroup.com/organizing-committee.php 
Mail: alexandre.zanghellini@arzeda.com Url:http://arzeda.com/2013/02/invista-and-arzeda-enter-agreement-to-develop-bio-derived-raw-materials-2/ 
Mail: foodsafety@conferenceseries.net Url:http://foodsafety-hygiene.conferenceseries.com/poster-presentation.php 
Mail: glycobiology@conferenceseries.net Url:http://glycobiology.conferenceseries.com/organizing-committee.php 
Mail: editor.cssb@omicsonline.org Url:http://www.omicsonline.org/current-synthetic-and-systems-biology.php 
Mail: pharmacovigilance@omicsgroup.comes.netences.com Url:http://pharmacovigilance.pharmaceuticalconferences.com/poster-presentation.php 
Mail: ophthalmology@omicsgroup.comes.com Url:http://ophthalmology.conferenceseries.com/poster-presentation.php 
Mail: immunology@conferenceseries.com Url:http://immunology.conferenceseries.com/poster-presentation.php 
Mail: eurofood@conferenceseries.net Url:http://food.global-summit.com/europe/eposter-presentation.php 
Mail: microbiology@conferenceseries.net Url:http://microbiology.omicsgroup.com/eposter-presentation.php 
Mail: herbals@conferenceseries.com Url:http://herbal.global-summit.com/organizing-committee.php 
Mail: vaccinesmiddleeast@omicsgroup.comes.net Url:http://vaccines.global-summit.com/middleeast/organizing-committee.php 
Mail: you@company.comy.com Url:http://www.xconomy.com/san-diego/2014/05/07/san-diegos-synthorx-adds-to-genetic-alphabet-aims-for-bio-products/ 
Mail: nanotechnology@conferenceseries.net Url:http://nanotechnology.omicsgroup.com/organizing-committee.php 
Mail: influenza@conferenceseries.com Url:http://influenza.conferenceseries.com/poster-presentation.php 
Mail: childhealth@conferenceseries.net Url:http://pregnancy.omicsgroup.com/poster-presentation.php 
Mail: nephro@conferenceseries.net Url:http://nephrology.conferenceseries.com/poster-presentation.php 
Mail: oilgasexpo@omicsgroup.comnet Url:http://oil-gas.omicsgroup.com/organizing-committee.php 
Mail: minhnam1984@gmail.com Url:http://omicsonline.org/editorialboard-steroids-hormonal-science-open-access.php 
Mail: earthscience@conferenceseries.com Url:http://earthscience.conferenceseries.com/poster.php 
Mail: gupta@cs.ucr.edu Url:http://www.cs.ucr.edu/~gupta/ 
Mail: oceanography@conferenceseries.com Url:http://www.oceanographyconference.com/organizing-committee.php 
Mail: eurofood@omicsgroup.comes.com Url:http://food.global-summit.com/europe/poster-presentation.php 
Mail: proteomics@omicsgroup.comes.com Url:http://www.proteomicsconference.com/eposter-presentation.php 
Mail: veterinarysummit@conferenceseries.com Url:http://americanveterinary.omicsgroup.com/poster-presentation.php 
Mail: sv.eswaran@gmail.com Url:http://omicsonline.org/analbioanal2010/analbioanalscientificprogramme2.php 
Mail: info@techonomy.commmy.com Url:http://techonomy.com/2015/03/next-weeks-techonomy-bio-a-focus-on-systems-of-life/ 
Mail: biofuels@conferenceseries.com Url:http://biofuels-bioenergy.conferenceseries.com/poster-presentation.php 
Mail: eichhorn@umd.edu Url:http://chemjobber.blogspot.com/ 
Mail: biosensors@conferenceseries.com Url:http://biosensors.conferenceseries.com/organizing-committee.php 
Mail: sponsorship@techonomy.com Url:http://techonomy.com/conf/bio/bio-impact/systems-life-impact-business-society/ 
Mail: satellite@conferenceseries.com Url:http://satellite.conferenceseries.com/organizing-committee.php 
Mail: biofuels@omicsgroup.comes.com Url:http://biofuels-bioenergy.conferenceseries.com/organizing-committee.php 
Mail: zfreeman@bioindustry.org Url:http://blog.bioindustry.org/category/industrial-biotechnology/ 
Mail: lorrie@openwetware.org Url:http://blog.openwetware.org/community/category/uncategorized/page/3/ 
Mail: plosreddit@plos.org Url:http://blogs.plos.org/plos/ 
Mail: anthony@wingkosner.com Url:http://www.forbes.com/sites/anthonykosner/2015/02/20/indiebio-will-accelerate-synthetic-biology-to-tech-startup-speed/ 
Mail: roisin.mcclory@uktispecialist.com Url:http://blog.bioindustry.org/category/synthetic-biology/ 
Mail: stressmanagement@conferenceseries.net Url:http://stressmanagement.global-summit.com/poster-presentation.php 
Mail: maynarda@umich.edu Url:http://2020science.org/about/ 
Mail: elizabeth.barber@timeasia.com Url:http://time.com/tag/alzheimers/page/3/ 
Mail: eugene.douglass@aya.yale.edu Url:http://www.practicallyscience.com/the-chemistry-of-food-aromas/ 
Mail: brettbuttliere@gmail.com Url:http://blogs.plos.org/thestudentblog/feed/rss/ 
Mail: community@globeandmail.com Url:http://www.theglobeandmail.com/technology/science/canadian-study-reveals-hidden-link-between-cells-and-bacteria/article24542299/ 
Mail: cxcpub@cfa.harvard.edu Url:http://chandra.harvard.edu/photo/2015/sgr1745/ 
Mail: maynarda@umich.eduedu Url:http://www.riskscience.umich.edu/andrew-maynard/ 
Mail: harishg58iitr@gmail.com Url:http://omicsonline.com/open-access/editorialboard-global-journal-technology-optimization-open-access.php 
Mail: lewis.liu@ars.usda.gov Url:http://www.omicsonline.org/editorialboard-microbial-biochemical-technology-open-access.php 
Mail: earlycareer@esa.org Url:http://jabberwocky.weecology.org/category/science/ 
Mail: foodtechnology@conferenceseries.net Url:http://foodtechnology.conferenceseries.com/poster-presentation.php 
Mail: pharmacology@omicsgroup.comconferences.com Url:http://pharmacology.pharmaceuticalconferences.com/poster-presentation.php 
Mail: survey@diybio.org Url:http://diybio.org/blog/page/2/ 
Mail: a_atabani2@msn.com Url:http://omicsonline.org/editorialboard-bioprocessing-biotechniques-open-access.php 
Mail: jimmylavergne@gmail.com Url:http://blogs.discovermagazine.com/80beats/2008/10/27/genetically-engineered-purple-tomato-could-fight-cancer/ 
Mail: amelia@britishecologicalsociety.org Url:http://www.britishecologicalsociety.org/events/current_future_meetings/2015-annual-meeting/registration-and-accommodation/ 
Mail: pharmaeurope@conferenceseries.com Url:http://europe.pharmaceuticalconferences.com/poster-presentation.php 
Mail: yourwildlife@gmail.com Url:http://www.yourwildlife.org/2014/09/before-they-were-scientists-julie-hecht/ 
Mail: traditionalmedicine@conferenceseries.net Url:http://traditionalmedicine.conferenceseries.com/organizing-committee.php 
Mail: apapasolomontos@bioindustry.orgom Url:http://blog.bioindustry.org/category/cell-therapy-and-regenerative-medicine/ 
Mail: priya4876@gmail.combout.com Url:http://phenomena.nationalgeographic.com/2010/07/29/on-the-origin-of-science-writers/ 
Mail: globalenergy@conferenceseries.com Url:http://energy.global-summit.com/organizing-committee.php 
Mail: invivoblog@informa.com Url:http://invivoblog.blogspot.com/ 
Mail: jmillar229@btinternet.com Url:http://www.britishecologicalsociety.org/getting-involved/special-interest-groups/citizen-science/citizen-science-past-meetings/ 
Mail: anderson@rice.edu Url:http://vsarkar.blogs.rice.edu/ 
Mail: atesinta@utpa.edu Url:http://www.omicsonline.org/editorialboard-organic-chemistry-current-research-open-access.php 
Mail: science@okfn.org Url:http://science.okfn.org/author/jmolloy/ 
Mail: info@bugssonline.org Url:http://www.bugssonline.org/ 
Mail: xueyang@vt.edu Url:http://omicsonline.org/editorialboard-petroleum-environmental-biotechnology-open-access.php 
Mail: talkscientisttome@gmail.com Url:http://talkscientisttome.tumblr.com/ 
Mail: herbals@omicsgroup.comes.net Url:http://herbal.global-summit.com/poster-presentation.php 
Mail: info@rstudio.com Url:http://www.rstudio.com/resources/training/instructors/ 
Mail: brettbuttliere@gmail.com Url:http://blogs.plos.org/thestudentblog/feed/ 
Mail: opensourcetb@gmail.com Url:http://intermolecular.wordpress.com/ 
Mail: tpuzia@gmail.comorgcom Url:http://www.eso.org/public/news/eso1519/ 
Mail: harvey.chelsea.e@gmail.com Url:http://www.washingtonpost.com/news/energy-environment/wp/2015/05/18/weve-been-imagining-mountains-all-wrong-say-scientists/ 
Mail: row@asu.edu Url:http://cspo.org/people/frow-emma/ 
Mail: dhunterauthor@gmail.com Url:http://blogs.scientificamerican.com/rosetta-stones/2014/08/25/south-napa-earthquake-which-faults-at-fault/ 
Mail: jennifer.brian@asu.edu Url:http://cspo.org/people/brian-jennifer/ 
Mail: info@geneticexperts.org Url:http://geneticexperts.org/yeast-engineered-making-morphine-raising-concerns-home-brew-opiates/ 
Mail: maynarda@umich.edu Url:http://2020science.org/2015/06/01/american-universities-reclaiming-our-role-in-society/ 
Mail: grants@britishecologicalsociety.org Url:http://www.britishecologicalsociety.org/grants-awards/training-and-travel-grants/ 
Mail: hazel@britishecologicalsociety.org Url:http://www.britishecologicalsociety.org/getting-involved/join-council/ 
Mail: education@societyofbiology.org Url:http://www.britishecologicalsociety.org/careers/guides-and-resources/ 
Mail: mfon.nsehe@gmail.com Url:http://www.forbes.com/sites/mfonobongnsehe/2012/12/06/the-20-youngest-power-women-in-africa-2012/ 
Mail: pharmamiddleeast@conferenceseries.com Url:http://middleeast.pharmaceuticalconferences.com/organizing-committee.php 
Mail: harishg58iitr@gmail.com Url:http://www.omicsonline.com/open-access/editorialboard-global-journal-technology-optimization-open-access.php 
Mail: biomarkers@conferenceseries.net Url:http://biomarkers.conferenceseries.com/organizing-committee.php 
Mail: bacteriology@conferenceseries.net Url:http://bacteriology.omicsgroup.com/poster-presentation.php 
Mail: toxicology@conferenceseries.com Url:http://toxicology.global-summit.com/poster-presentation.php 
Mail: bioprocess@conferenceseries.net Url:http://bioprocess.conferenceseries.com/organizing-committee.php 
Mail: atesinta@utpa.edu Url:http://omicsonline.org/editorialboard-organic-chemistry-current-research-open-access.php 
Mail: proteinengineering@conferenceseries.net Url:http://www.protein-engineering.conferenceseries.com/ 
Mail: radiology@omicsgroup.comes.net Url:http://radiology.conferenceseries.com/organizing-committee.php 
Mail: nursing@conferenceseries.com Url:http://nursing.conferenceseries.com/poster-presentation.php 
Mail: plant@britishecologicalsociety.org Url:http://www.britishecologicalsociety.org/getting-involved/special-interest-groups/plant-environmental-physiology-group/plant-environment-physiology-group-past-meetings/ 
Mail: besplantsoileco@gmail.com Url:http://www.britishecologicalsociety.org/getting-involved/special-interest-groups/plants-soils-ecosystems/plant-soil-ecosystems-past-meetings/ 
Mail: beneficialmicrobes@conferenceseries.net Url:http://beneficialmicrobes.omicsgroup.com/poster-presentation.php 
Mail: ethanwhite@ufl.eduedu Url:http://jabberwocky.weecology.org/feed/ 
Mail: tissuescience@conferenceseries.net Url:http://tissuescience-regenerativemedicine.conferenceseries.com/poster-presentation.php 
Mail: coordinator@methodsinecologyandevolution.org Url:http://www.britishecologicalsociety.org/grants-awards/honours_awards_prizes/prize-for-the-best-paper-by-a-young-author/robert-m-may-prize/ 
Mail: xueyang@vt.edu Url:http://www.omicsonline.org/editorialboard-petroleum-environmental-biotechnology-open-access.php 
Mail: drugdelivery@conferenceseries.netences.com Url:http://drugdelivery.pharmaceuticalconferences.com/organizing-committee.php 
Mail: toxicology@omicsgroup.comes.net Url:http://toxicology.global-summit.com/organizing-committee.php 
Mail: agri2014@omicsgroup.com Url:http://probiotics2014.conferenceseries.net/posters.php 
Mail: morgan.ernest@usu.edu Url:http://jabberwocky.weecology.org 
Mail: amelia@britishecologicalsociety.org Url:http://www.britishecologicalsociety.org/events/current_future_meetings/2015-annual-symposia/registration-and-accommodation/ 
Mail: denverbiolabs@gmail.com Url:http://denverbiolabs.com 
Mail: breastcancer@omicsgroup.comes.net Url:http://breastcancer.omicsgroup.com/poster-presentation.php 
Mail: ethan@weecology.org Url:http://jabberwocky.weecology.org/2014/10/ 
Mail: ethanwhite@ufl.edu Url:http://jabberwocky.weecology.org/2015/04/ 
Mail: ickery@rspb.org.ukcom Url:http://www.britishecologicalsociety.org/about-us/bes-committees/ 
Mail: maynarda@umich.edu Url:http://2020science.org/2015/03/04/responsible-development-new-technologies-critical-complex-connected-world/ 
Mail: earlycareer@esa.orgdu Url:http://jabberwocky.weecology.org/ 
Mail: lab1340603@gmail.com Url:http://www.biohackers.la/ 
Mail: policy@britishecologicalsociety.org Url:http://www.britishecologicalsociety.org/public-policy/news-and-blog/policy-digest/ 
Mail: beckyallen@ntlworld.comce.org Url:http://www.britishecologicalsociety.org/about-us/media-training-and-opportunities/ 
Mail: aquatic@britishecologicalsociety.org Url:http://www.britishecologicalsociety.org/getting-involved/special-interest-groups/aquatic-ecology/ 
Mail: karen@britishecologicalsociety.org Url:http://www.britishecologicalsociety.org/careers/events/external-career-events/ 
Mail: info@britishecologicalsociety.org Url:http://www.britishecologicalsociety.org/grants-awards/honours_awards_prizes/ 
Mail: ovenden@utas.edu.au Url:http://www.britishecologicalsociety.org/careers/career-opportunities/ 
Mail: hivebio.sci@gmail.com Url:http://hivebio.org/ 
Mail: amelia@britishecologicalsociety.org Url:http://www.britishecologicalsociety.org/events/past-bes-meetings/2014-annual-meeting/9966-2/ 
Mail: grants@britishecologicalsociety.org Url:http://www.britishecologicalsociety.org/grants-awards/bes-review-college/ 
Mail: policy@britishecologicalsociety.org Url:http://www.britishecologicalsociety.org/public-policy/scottish-policy-group/ 
Mail: info@britishecologicalsociety.org Url:http://www.britishecologicalsociety.org/about-us/equality-and-diversity-in-ecology/ 
Mail: amelia@britishecologicalsociety.org Url:http://www.britishecologicalsociety.org/events/current_future_meetings/2015-annual-meeting/early-careers-programme/ 
Mail: amelia@britishecologicalsociety.org Url:http://www.britishecologicalsociety.org/events/current_future_meetings/2015-annual-meeting/sponsorship-and-exhibition/ 
Mail: info@hochsensibel.org Url:http://www.scilogs.de/hochbegabung/hochbegabte-hochsensible/ 
Mail: press@britishecologicalsociety.org Url:http://www.britishecologicalsociety.org/about-us/press/press-releases/ 
Mail: info@britishecologicalsociety.org Url:http://www.britishecologicalsociety.org/grants-awards/honours_awards_prizes/marsh-book-of-the-year-award/ 
Mail: open-access@duke.edu Url:http://www.reddit.com/r/science/comments/27oxbt/science_ama_series_im_dr_kathleen_pryer_a/ 
Mail: forest@britishecologicalsociety.org Url:http://www.britishecologicalsociety.org/getting-involved/special-interest-groups/forest-ecology-group/ 
Mail: t.poisot@gmail.com.comrado.edu Url:http://www.britishecologicalsociety.org/events/past-bes-meetings/2014-annual-meeting/meeting-outline-and-symposia/ 
Mail: bharnett@wiley.com Url:http://www.britishecologicalsociety.org/membership/membership-discount/ 
Mail: quantitative@britishecologicalsociety.org Url:http://www.britishecologicalsociety.org/getting-involved/special-interest-groups/quantitative-ecology/ 
Mail: creditfundinginvestment@postino.net Url:http://www.scilogs.de/science-at-stage/berliner-lange-nacht-wissenschaften-kinder/ 
Mail: alan.crowden@ntlworld.com Url:http://www.britishecologicalsociety.org/getting-involved/ 
Mail: grants@britishecologicalsociety.org Url:http://www.britishecologicalsociety.org/grants-awards/bes-review-college/review-process/ 
Mail: rika@britishecologicalsociety.org Url:http://www.britishecologicalsociety.org/about-us/opportunities-within-the-bes/ 
Mail: email@email.com Url:http://www.routledge.com/books/details/9780415821346/ 
Mail: richard@britishecologicalsociety.org Url:http://www.britishecologicalsociety.org/about-us/centenary/100-influential-papers/ 
Mail: amy@britishecologicalsociety.org Url:http://www.britishecologicalsociety.org/events/current_future_meetings/2015-annual-meeting/abstract-submission/ 
Mail: amelia@britishecologicalsociety.org Url:http://www.britishecologicalsociety.org/events/current_future_meetings/propose-a-symposium/ 
Mail: besplantsoileco@gmail.com Url:http://www.britishecologicalsociety.org/getting-involved/special-interest-groups/plants-soils-ecosystems/ 
Mail: info@hallamec.plus.comv.uk Url:http://www.britishecologicalsociety.org/getting-involved/special-interest-groups/peatland-research/ 
Mail: membership@britishecologicalsociety.org Url:http://www.britishecologicalsociety.org/publications/journal-policies/ 
Mail: n@nature.com Url:http://www.nature.com/spoton/2012/12/spoton-nyc-diy-science-how-do-we-make-diybio-sustainable/ 
